feature,gain,weight,cover,gain_normalized
vpa,5.248443126678467,7457.0,9812.0498046875,0.07645173819812737
MagpieData maximum NpValence,3.6313912868499756,4.0,27884.0,0.05289686279460817
MagpieData minimum AtomicWeight,3.1022391319274902,74.0,10486.703125,0.045188938551421996
MagpieData minimum Column,2.760806083679199,266.0,9177.744140625,0.040215435097763236
MagpieData range GSbandgap,2.3266541957855225,259.0,11228.6064453125,0.03389133751866347
MagpieData mode MendeleevNumber,1.7100329399108887,906.0,10317.5498046875,0.024909289760176624
MagpieData minimum CovalentRadius,1.2679812908172607,292.0,14432.2978515625,0.018470119870963322
packing fraction,1.2040588855743408,5781.0,11720.703125,0.01753899060602279
MagpieData mode Column,1.106734037399292,76.0,2928.065673828125,0.01612130280160902
MagpieData range NpValence,1.1011011600494385,82.0,5044.255859375,0.016039251180955238
MagpieData mean MeltingT,0.9587706327438354,3197.0,8490.8388671875,0.013965985652772636
MagpieData mean NpValence,0.9410930871963501,1519.0,11411.5009765625,0.013708484704098526
MagpieData mode GSbandgap,0.9279772043228149,140.0,6420.98583984375,0.01351743146802785
MagpieData mode NdValence,0.8361182808876038,61.0,9216.6064453125,0.012179363359804865
MagpieData maximum GSbandgap,0.7770484685897827,430.0,10863.66015625,0.011318919659414891
MagpieData maximum Column,0.7728314399719238,102.0,18105.431640625,0.01125749207792358
MagpieData range Column,0.7579872012138367,232.0,6758.53466796875,0.011041262649902324
MagpieData minimum NpUnfilled,0.7529171705245972,68.0,23817.80859375,0.010967409766379603
MagpieData mode NUnfilled,0.7496564984321594,167.0,17640.84375,0.010919913005312717
MagpieData minimum Electronegativity,0.7177847027778625,889.0,17652.333984375,0.010455650724393502
MagpieData avg_dev GSbandgap,0.6869117021560669,1779.0,9621.1396484375,0.01000593744676828
MagpieData mean Column,0.6730180978775024,1985.0,12574.2421875,0.009803555488672183
MagpieData mode Row,0.6502354145050049,1.0,130.0,0.00947169026643297
MagpieData mode NfUnfilled,0.6423717141151428,14.0,2505.78564453125,0.009357143238111694
MagpieData mean NdUnfilled,0.6245098114013672,910.0,17157.44140625,0.009096956840539313
MagpieData minimum SpaceGroupNumber,0.6178362369537354,348.0,15795.5087890625,0.00899974584783128
MagpieData mean MendeleevNumber,0.6065655946731567,2532.0,6344.4638671875,0.008835571411305596
MagpieData mean GSbandgap,0.6010148525238037,2008.0,10608.0439453125,0.008754716217610049
MagpieData minimum MeltingT,0.5839394330978394,606.0,13700.7109375,0.008505986172515094
MagpieData minimum NUnfilled,0.5690736770629883,360.0,11736.81640625,0.008289443311887218
MagpieData maximum NdUnfilled,0.5641698837280273,214.0,2745.724365234375,0.008218011934015088
MagpieData mean NValence,0.5200904011726379,1004.0,5537.56982421875,0.00757592570408079
MagpieData mode MeltingT,0.5089656114578247,565.0,6910.8564453125,0.007413875837052056
MagpieData mode AtomicWeight,0.5077337026596069,50.0,13000.099609375,0.007395931169147286
MagpieData mode Electronegativity,0.5052866339683533,474.0,12746.5341796875,0.007360285807194978
MagpieData maximum MeltingT,0.4980754256248474,1447.0,4713.71875,0.007255243340493283
MagpieData mode GSvolume_pa,0.4704480767250061,474.0,19889.345703125,0.00685280802887437
MagpieData minimum GSvolume_pa,0.46874773502349854,725.0,18709.345703125,0.006828039907076453
MagpieData avg_dev MeltingT,0.4680382013320923,2427.0,9508.4658203125,0.0068177044451673
MagpieData minimum MendeleevNumber,0.4580482840538025,1297.0,6700.787109375,0.006672185760493259
MagpieData minimum GSbandgap,0.4536319673061371,128.0,27371.9453125,0.006607855237394651
MagpieData range SpaceGroupNumber,0.44580578804016113,507.0,5308.63916015625,0.006493854762607633
MagpieData mean Row,0.4453530013561249,838.0,11328.2998046875,0.006487259220235919
MagpieData minimum NValence,0.44279754161834717,255.0,16520.22265625,0.006450034974086551
MagpieData avg_dev NdUnfilled,0.43308690190315247,611.0,10290.8359375,0.006308584401540815
MagpieData mode NpValence,0.4206017255783081,1.0,16773.0,0.0061267183874284484
MagpieData mean NUnfilled,0.41892626881599426,1363.0,8702.7421875,0.006102312753478907
MagpieData mean GSvolume_pa,0.41884762048721313,1837.0,10375.6298828125,0.006101167118231165
MagpieData mean NpUnfilled,0.41602855920791626,1843.0,11191.45703125,0.00606010310559211
MagpieData mode NValence,0.41388070583343506,91.0,18309.955078125,0.006028816280163991
density,0.41341152787208557,6309.0,5652.208984375,0.006021981973341251
MagpieData range CovalentRadius,0.40568670630455017,1104.0,6890.08251953125,0.005909457931095943
MagpieData mode SpaceGroupNumber,0.4028240442276001,271.0,5511.84521484375,0.005867758805017159
MagpieData maximum NUnfilled,0.40017813444137573,367.0,11376.455078125,0.005829217013215309
MagpieData range GSvolume_pa,0.3939579129219055,1017.0,7711.734375,0.005738609811105481
MagpieData avg_dev NpUnfilled,0.3829450011253357,1623.0,9444.546875,0.005578189619984297
MagpieData range Electronegativity,0.38213154673576355,1303.0,7999.80126953125,0.005566340391455637
MagpieData maximum MendeleevNumber,0.37150001525878906,1081.0,9394.1982421875,0.00541147559793406
MagpieData mean CovalentRadius,0.3703915774822235,1793.0,8140.443359375,0.005395329477521294
MagpieData maximum NValence,0.36704036593437195,437.0,11762.49609375,0.005346513868450375
MagpieData avg_dev NdValence,0.3658355176448822,1057.0,8501.33203125,0.00532896337894839
MagpieData mode Number,0.3645439147949219,616.0,5141.61865234375,0.0053101491743247015
MagpieData mean NfValence,0.3589107096195221,378.0,18630.259765625,0.005228092778381901
MagpieData avg_dev Row,0.3585852086544037,1014.0,10090.9169921875,0.005223351350501702
MagpieData minimum Number,0.35841813683509827,2899.0,1603.9610595703125,0.005220917689569968
MagpieData maximum NpUnfilled,0.3562096059322357,241.0,5579.47314453125,0.005188747001555868
MagpieData avg_dev NpValence,0.3560886085033417,1622.0,11579.578125,0.005186984485790111
MagpieData avg_dev Electronegativity,0.3527988791465759,2184.0,7974.62255859375,0.005139064460469132
MagpieData mode CovalentRadius,0.35273686051368713,283.0,21403.353515625,0.005138161062609885
MagpieData mean SpaceGroupNumber,0.3469606041908264,2071.0,7287.19580078125,0.0050540209041853995
MagpieData avg_dev GSvolume_pa,0.34295690059661865,1673.0,5547.896484375,0.004995700733494899
MagpieData range MeltingT,0.3418802320957184,1225.0,8842.2412109375,0.004980017381999941
MagpieData mean Electronegativity,0.3389741778373718,2313.0,7736.0078125,0.0049376861813017125
MagpieData maximum Electronegativity,0.33461692929267883,450.0,11820.4267578125,0.004874216078461166
MagpieData avg_dev CovalentRadius,0.3259124755859375,1715.0,8304.44921875,0.004747422170270975
MagpieData maximum CovalentRadius,0.3199431300163269,761.0,9747.1826171875,0.004660469366613401
MagpieData avg_dev Column,0.31221529841423035,1499.0,16304.8525390625,0.00454790147853254
MagpieData range MendeleevNumber,0.31149423122406006,1105.0,10393.4990234375,0.0045373980132733015
MagpieData mode NpUnfilled,0.3064316213130951,125.0,8836.9921875,0.004463653224929318
MagpieData range NpUnfilled,0.30578261613845825,125.0,7225.7841796875,0.004454199455020227
MagpieData maximum SpaceGroupNumber,0.3041054904460907,283.0,4444.72802734375,0.0044297695105083995
MagpieData avg_dev SpaceGroupNumber,0.28924116492271423,2124.0,9166.0458984375,0.0042132474875053415
MagpieData mean NdValence,0.28692927956581116,1091.0,5097.0126953125,0.0041795712810982245
MagpieData maximum NdValence,0.28675538301467896,249.0,5595.6708984375,0.004177038207331427
MagpieData mean NfUnfilled,0.28415295481681824,214.0,21513.78125,0.004139129792500573
MagpieData avg_dev MendeleevNumber,0.278679758310318,1961.0,8753.96484375,0.004059404171716972
MagpieData maximum AtomicWeight,0.2726912498474121,141.0,4618.7802734375,0.003972172230710289
MagpieData maximum NfValence,0.2717059254646301,60.0,2519.63330078125,0.003957819448383322
MagpieData minimum NdValence,0.2705770432949066,102.0,10753.087890625,0.003941375523582549
MagpieData mean GSmagmom,0.2594502866268158,753.0,23465.587890625,0.0037792970048196916
MagpieData maximum GSvolume_pa,0.2584660053253174,683.0,10634.8037109375,0.0037649594165941537
MagpieData mean NsUnfilled,0.2503345012664795,304.0,11097.75,0.0036465114112602913
MagpieData range NValence,0.24981558322906494,637.0,8287.2841796875,0.0036389525628579824
MagpieData mean NsValence,0.24849385023117065,597.0,9010.669921875,0.0036196994657615887
MagpieData range NdValence,0.24215182662010193,127.0,4146.0078125,0.003527318026722043
MagpieData avg_dev NUnfilled,0.24050992727279663,1339.0,9335.80078125,0.0035034012087213303
MagpieData maximum GSmagmom,0.23909175395965576,198.0,4827.20703125,0.003482743308418535
MagpieData mode NdUnfilled,0.23891815543174744,55.0,28809.328125,0.0034802145758235747
MagpieData mode NfValence,0.23805992305278778,9.0,96214.21875,0.003467713086226429
MagpieData avg_dev NValence,0.23337942361831665,1376.0,8891.11328125,0.0033995343313530527
MagpieData avg_dev AtomicWeight,0.23241271078586578,646.0,8852.24609375,0.0033854526552072966
MagpieData avg_dev GSmagmom,0.22704635560512543,353.0,24616.919921875,0.003307283344527204
MagpieData minimum NpValence,0.2253355234861374,3.0,2060.0,0.00328236241348063
MagpieData range Row,0.21548381447792053,86.0,32051.255859375,0.0031388569472459243
MagpieData mode NsValence,0.21429669857025146,40.0,4317.2001953125,0.003121564757468232
MagpieData mean AtomicWeight,0.21402010321617126,576.0,6006.07470703125,0.0031175357158864593
MagpieData range AtomicWeight,0.2111232727766037,438.0,21774.748046875,0.0030753388744565813
MagpieData avg_dev NsValence,0.21079464256763458,360.0,8842.349609375,0.0030705518642720957
MagpieData avg_dev NfValence,0.19691261649131775,338.0,33849.8828125,0.0028683385607018597
MagpieData maximum NfUnfilled,0.1947314739227295,126.0,3257.833251953125,0.002836566826379565
MagpieData maximum NsUnfilled,0.1947101652622223,10.0,25745.30078125,0.002836256432593231
MagpieData mode GSmagmom,0.19445142149925232,25.0,8559.0,0.0028324874272044847
MagpieData range NUnfilled,0.19171299040317535,420.0,15623.90234375,0.002792597918605888
MagpieData avg_dev NsUnfilled,0.19103434681892395,245.0,25846.16796875,0.0027827124191576237
MagpieData range NfValence,0.18184947967529297,28.0,9485.7861328125,0.002648920541966444
MagpieData range GSmagmom,0.18135087192058563,64.0,45856.59375,0.0026416575444248155
MagpieData avg_dev NfUnfilled,0.17645259201526642,99.0,9144.3134765625,0.0025703064782316666
MagpieData range NdUnfilled,0.17519618570804596,72.0,4858.70849609375,0.0025520049660019088
MagpieData range NsUnfilled,0.17506267130374908,3.0,46.33333206176758,0.0025500601210190037
MagpieData avg_dev Number,0.15873679518699646,1516.0,2994.06201171875,0.002312248340152297
MagpieData maximum NsValence,0.15372346341609955,8.0,427.0,0.0022392213645715353
MagpieData range NfUnfilled,0.14814618229866028,27.0,31723.0,0.002157979589523918
MagpieData minimum NsValence,0.14353390038013458,80.0,8424.75,0.0020907945288839943
MagpieData mean Number,0.13580834865570068,2563.0,1444.1014404296875,0.001978259850767686
MagpieData mode NsUnfilled,0.1307416707277298,10.0,966.5999755859375,0.0019044558054281296
MagpieData range Number,0.12285873293876648,1354.0,3516.5361328125,0.0017896285544647852
MagpieData minimum NdUnfilled,0.11700102686882019,17.0,15042.587890625,0.0017043019537772912
MagpieData minimum NfValence,0.1140613853931427,4.0,260.75,0.0016614815030130507
MagpieData range NsValence,0.11003457754850388,21.0,8638.857421875,0.0016028247829758988
MagpieData maximum Number,0.10195515304803848,3063.0,1679.204345703125,0.0014851353974205245
MagpieData minimum Row,0.10151472687721252,2.0,459.5,0.0014787199051507437
MagpieData minimum GSmagmom,0.09821126610040665,31.0,21855.7734375,0.0014305998603373826
MagpieData minimum NsUnfilled,0.07692975550889969,5.0,2999.199951171875,0.0011206015547575267
MagpieData minimum NfUnfilled,0.0026351064443588257,1.0,23.0,3.838442432276376e-05
MagpieData maximum Row,0.0,0.0,0.0,0.0
